,ACC_Training,ACC_Testing
0,0.9876607656478882,0.9955134987831116
1,0.9963696599006653,0.9969176650047302
