,ACC_Training,ACC_Testing
0,0.9403225779533386,0.9677402973175049
1,0.9438246488571167,0.9625596404075623
2,0.9437296986579895,0.9567570090293884
3,0.9524027109146118,0.9665388464927673
4,0.9535456895828247,0.9683367609977722
5,0.9540642499923706,0.9713786840438843
6,0.9533083438873291,0.9547119736671448
7,0.9535785913467407,0.9694188833236694
8,0.9536588788032532,0.970543622970581
9,0.9541884064674377,0.970066487789154
