,ACC_Training,ACC_Testing
0,0.9868741035461426,0.9959444403648376
1,0.9957077503204346,0.9978485703468323
