,ACC_Training,ACC_Testing
0,0.9459782838821411,0.9616996645927429
1,0.9638345837593079,0.9670727252960205
