,ACC_Training,ACC_Testing
0,0.9687409996986389,0.9830243587493896
1,0.9715151190757751,0.9834467172622681
2,0.9710355997085571,0.9812206029891968
3,0.9720728397369385,0.983469545841217
4,0.9722196459770203,0.9824306964874268
