,ACC_Training,ACC_Testing
0,0.9498672485351562,0.9586977362632751
1,0.9506746530532837,0.9631561040878296
2,0.950548529624939,0.9564419388771057
