,ACC_Training,ACC_Testing
0,0.9966739416122437,0.9987759590148926
1,0.9974050521850586,0.999184787273407
