,ACC_Training,ACC_Testing
0,0.9126771092414856,0.9186161160469055
1,0.9609512686729431,0.989152193069458
2,0.9711254239082336,0.9817006587982178
3,0.9769802093505859,0.9758712649345398
4,0.9790899157524109,0.9637562036514282
